"Codigo","Producto_ID","Coincidencia","Atributos"
"MON001","c0785bf7-9f56-4cb0-a5d4-f0180a268af7","OK","pulgadas, resolucion, frecuencia_hz"
"MON002","ff66a776-d2ed-4869-bd84-a597a6dd9469","OK","pulgadas, resolucion, frecuencia_hz"
"MON003","3fce08ca-bf6d-41bf-8a3f-dea0ea040702","OK","pulgadas, resolucion, frecuencia_hz"
"MON004","0d01d411-6fb5-447c-a0c4-e5b29ae38153","OK","pulgadas, resolucion, frecuencia_hz"
"MON005","2775d369-a1f0-4ce3-9d66-1d9efddc3809","OK","pulgadas, resolucion, frecuencia_hz"
"MON006","419f0123-117a-4508-94a8-223c1b70d5cb","OK","pulgadas, resolucion, frecuencia_hz"
"MON007","3abb96e4-1e51-448a-adfa-edec35d3fd8d","OK","pulgadas, resolucion, frecuencia_hz"
"RAT001","5ee024f8-440d-43de-8a74-e7143307633e","OK","conexion, dpi, botones"
"RAT002","bc42da7f-94fd-4bb7-b240-8f2d7aac3623","OK","conexion, dpi, botones"
"RAT003","77842ea2-7585-473e-b467-7baee13563bf","OK","conexion, dpi, botones"
"RAT004","5614a243-262d-444c-a069-0f6730960d69","OK","conexion, dpi, botones"
"RAT005","063ea391-92dd-4baf-a188-a09be63fca12","OK","conexion, dpi, botones"
"RAT006","d7cfe8c8-f248-448a-93c9-6209dc71ef8c","OK","conexion, dpi, botones"
"TEC001","b2bf5297-b48d-4563-8808-998307041fdc","OK","conexion, distribucion, tipo"
"TEC002","3ce2fdfd-8943-4b93-8434-dfd95dee0495","OK","conexion, distribucion, tipo"
"TEC003","39ce31c0-8d82-4946-8c09-efd4d4e3027c","OK","conexion, distribucion, tipo"
"TEC004","9c3e011d-a4ce-4b93-9d03-ba48bfca9943","OK","conexion, distribucion, tipo"
"TEC005","ec9e68a5-800e-4265-a826-79c4dcd9ce40","OK","conexion, distribucion, tipo"
"TEC006","22fde524-cd4e-470d-a140-938950e302e6","OK","conexion, distribucion, tipo"
"TEC007","96031541-26f2-4670-81a0-849b554fc470","OK","conexion, distribucion, tipo"
