"Codigo","Producto_ID","HTTP","Estado","Miniatura"
"MON001","c0785bf7-9f56-4cb0-a5d4-f0180a268af7","200","PUBLICADO","miniaturas/c0785bf7-9f56-4cb0-a5d4-f0180a268af7/f2744463907dcaf1eee0cccee0079ff8af3852fd5709cbfe47e643cd68f88cbb.png"
"MON002","ff66a776-d2ed-4869-bd84-a597a6dd9469","200","PUBLICADO","miniaturas/ff66a776-d2ed-4869-bd84-a597a6dd9469/7c51ddfeffd9ddf26cc0b7d13387cc1bfc725fd07666cc4ad1cb30725e423b54.png"
"MON003","3fce08ca-bf6d-41bf-8a3f-dea0ea040702","200","PUBLICADO","miniaturas/3fce08ca-bf6d-41bf-8a3f-dea0ea040702/dcc9cb5830e82620dd284ad98c6350c47f63599c0e0256c2ae13923dacaa77da.png"
"MON004","0d01d411-6fb5-447c-a0c4-e5b29ae38153","200","PUBLICADO","miniaturas/0d01d411-6fb5-447c-a0c4-e5b29ae38153/98ee414285f83133ca0329268666deb8791445602a12f1102f5f695715433917.png"
"MON005","2775d369-a1f0-4ce3-9d66-1d9efddc3809","200","PUBLICADO","miniaturas/2775d369-a1f0-4ce3-9d66-1d9efddc3809/fb5ae1a6d18242d15870bea36038ecf29f93438c95814e97aead5c6c47903419.png"
"MON006","419f0123-117a-4508-94a8-223c1b70d5cb","200","PUBLICADO","miniaturas/419f0123-117a-4508-94a8-223c1b70d5cb/1c04389aa6edae6f98b607d0ea47f5fb7ddbda2d6754e136959c05e7a2289228.png"
"MON007","3abb96e4-1e51-448a-adfa-edec35d3fd8d","200","PUBLICADO","miniaturas/3abb96e4-1e51-448a-adfa-edec35d3fd8d/83c4c7860ce60e03d7fa7a975139985a542628435693ed42f180433539b018de.png"
"RAT001","5ee024f8-440d-43de-8a74-e7143307633e","200","PUBLICADO","miniaturas/5ee024f8-440d-43de-8a74-e7143307633e/6fdcebcdd4b3f8375870064ab1d9b6dc437be3b34e4ef09bdf0f3cec598dbd55.png"
"RAT002","bc42da7f-94fd-4bb7-b240-8f2d7aac3623","200","PUBLICADO","miniaturas/bc42da7f-94fd-4bb7-b240-8f2d7aac3623/15577ab8d2bd7713850d3d847ed656d4d17a3951bc7cddf037a29bc619e2882e.png"
"RAT003","77842ea2-7585-473e-b467-7baee13563bf","200","PUBLICADO","miniaturas/77842ea2-7585-473e-b467-7baee13563bf/86926f2a76018c6be32f767eb00efb991c53548fe05eafa5a8f8b015cfae97f4.png"
"RAT004","5614a243-262d-444c-a069-0f6730960d69","200","PUBLICADO","miniaturas/5614a243-262d-444c-a069-0f6730960d69/27b51e9c930e08cedfe83e0b072360ae27ec64c3587d731eeafb024fc74f99fe.png"
"RAT005","063ea391-92dd-4baf-a188-a09be63fca12","200","PUBLICADO","miniaturas/063ea391-92dd-4baf-a188-a09be63fca12/be3412177b734c82faaf39220363892c916743fed2d06c440290cbf8a5942ad0.png"
"RAT006","d7cfe8c8-f248-448a-93c9-6209dc71ef8c","200","PUBLICADO","miniaturas/d7cfe8c8-f248-448a-93c9-6209dc71ef8c/39d308663a7a0c5e5a598435ff353dbc37508fc4c9d5d91feda8bcb433b637bb.png"
"TEC001","b2bf5297-b48d-4563-8808-998307041fdc","200","PUBLICADO","miniaturas/b2bf5297-b48d-4563-8808-998307041fdc/e2a4f9f5785979bc7116f0412cf9c42bcee8e80f7c5d018cb4f1ff5291fb8885.png"
"TEC002","3ce2fdfd-8943-4b93-8434-dfd95dee0495","200","PUBLICADO","miniaturas/3ce2fdfd-8943-4b93-8434-dfd95dee0495/11205e56ebd8a2e478dbfb64f725046534bcf1a219d7c93d7cf520d40455552a.png"
"TEC003","39ce31c0-8d82-4946-8c09-efd4d4e3027c","200","PUBLICADO","miniaturas/39ce31c0-8d82-4946-8c09-efd4d4e3027c/bf4897195f9136701c470994a826d8376dc35679857f5b5697fdd4c9e28a0544.png"
"TEC004","9c3e011d-a4ce-4b93-9d03-ba48bfca9943","200","PUBLICADO","miniaturas/9c3e011d-a4ce-4b93-9d03-ba48bfca9943/01c14795b8be7c6311efa4e876458f9e800577f26f7eb9dc0046d015365214bc.png"
"TEC005","ec9e68a5-800e-4265-a826-79c4dcd9ce40","200","PUBLICADO","miniaturas/ec9e68a5-800e-4265-a826-79c4dcd9ce40/15200dfb9bd2e81c4db03671527d7ffc8aa6e361a60d95c1e0bcd4d38efa74c8.png"
"TEC006","22fde524-cd4e-470d-a140-938950e302e6","200","PUBLICADO","miniaturas/22fde524-cd4e-470d-a140-938950e302e6/a77a60ca967a3d6292f06ad0a200655485ba03f033e9cabaede5ebb41f3f5926.png"
"TEC007","96031541-26f2-4670-81a0-849b554fc470","200","PUBLICADO","miniaturas/96031541-26f2-4670-81a0-849b554fc470/fd2ac16eda5c4ebc25d2fc4bd296507d86525d19b169aa09790fc967a8c21aaa.png"
